"","Species","Colony","depth","Site","File","DATE","TIME","PAR","Depth(m)","T(C)","Battery_V","Dark_Fo","Fm","Fv","Fv/Fm","Sigma","p","Alp1","Tau1","Alp2","Tau2","Alp3","Tau3","Alp4","Tau4","TauAv1","TauAv2","GAIN","Light_Fo","Fm.1","Fv.1","Fv/Fm.1","Sigma.1","p.1","Alp1.1","Tau1.1","Alp2.1","Tau2.1","Alp3.1","Tau3.1","Alp4.1","Tau4.1","TauAv1.1","TauAv2.1","Pmax.e.s","mean_fv_fm","mean_sig","mean_p","mean_pmax"
"1","MCAV",1,50,"MF",20230710.001,"10/07/2023",56802,350,27.7,28.6,15.95,589.8,1023.9,434.1,0.424,759.6,0.39,0.7,590,0.23,3184,0.07,125845,"--------","-------",1235,10568,0,1275.1,1433.8,158.7,0.111,673.8,0.23,0.167,571,0.675,18353,0.159,18373,"--------","-------",14829,15391,67.4,0.423944444444444,668.072222222222,0.373888888888889,91.0666666666667
"2","MCAV",1,50,"MF",20230710.002,"10/07/2023",56812,377.3,27.7,28.6,15.95,711.1,1207.8,496.7,0.411,775.8,0.41,0.58,490,0.32,1744,0.1,30239,"--------","-------",939,3878,0,1314.7,1509,194.3,0.129,603.3,0.38,0.205,745,0.68,15223,0.115,15335,"--------","-------",11867,12267,84.3,0.423944444444444,668.072222222222,0.373888888888889,91.0666666666667
"3","MCAV",1,50,"MF",20230710.003,"10/07/2023",56823,617.9,27.7,28.6,15.93,481.3,765,283.7,0.371,591.6,0.31,0.68,557,0.2,2808,0.12,134250,"--------","-------",1070,17696,0,784.1,884.1,100,0.113,555.1,0.3,0.22,731,0.703,15576,0.078,16489,"--------","-------",12041,12387,83.1,0.423944444444444,668.072222222222,0.373888888888889,91.0666666666667
"4","MCAV",2,50,"MF",20230710.004,"10/07/2023",56937,503.6,26.9,28.7,15.87,518.2,916.4,398.2,0.435,672.6,0.41,0.58,424,0.31,1860,0.11,26973,"--------","-------",923,3840,0,888.8,1014,125.2,0.123,563.8,0.3,0.185,674,0.696,15887,0.119,16027,"--------","-------",12691,13088,78.8,0.423944444444444,668.072222222222,0.373888888888889,91.0666666666667
"5","MCAV",2,50,"MF",20230710.005,"10/07/2023",56947,583.2,26.8,28.7,15.88,469.3,833.9,364.7,0.437,630.8,0.38,0.59,418,0.3,1934,0.11,99430,"--------","-------",928,11878,0,809.3,931.1,121.8,0.131,536,0.32,0.207,696,0.085,13260,0.708,13283,"--------","-------",10435,10675,95.8,0.423944444444444,668.072222222222,0.373888888888889,91.0666666666667
"6","MCAV",2,50,"MF",20230710.006,"10/07/2023",56957,483.3,26.9,28.7,15.87,596.8,1042.8,446,0.428,714.2,0.37,0.56,430,0.31,1637,0.13,21183,"--------","-------",863,3424,0,970.3,1115.8,145.5,0.13,570.3,0.34,0.211,686,0.093,14163,0.696,14167,"--------","-------",11031,11322,90.7,0.423944444444444,668.072222222222,0.373888888888889,91.0666666666667
"7","MCAV",3,50,"MF",20230710.007,"10/07/2023",56971,563,26.9,28.7,15.86,463.5,843.6,380,0.451,649.8,0.39,0.64,467,0.27,2066,0.1,17161,"--------","-------",943,2493,0,839.3,969.6,130.3,0.134,530.2,0.35,0.218,752,0.677,14510,0.104,14940,"--------","-------",11155,11550,89.6,0.423944444444444,668.072222222222,0.373888888888889,91.0666666666667
"8","MCAV",3,50,"MF",20230710.008,"10/07/2023",56981,779.9,26.9,28.6,15.86,420.2,746.2,326,0.437,588.2,0.37,0.59,410,0.29,1787,0.11,24866,"--------","-------",866,3610,0,762,879.6,117.7,0.134,524.3,0.32,0.228,718,0.07,11097,0.703,11109,"--------","-------",8567,8743,116.7,0.423944444444444,668.072222222222,0.373888888888889,91.0666666666667
"9","MCAV",3,50,"MF",20230710.009,"10/07/2023",56993,606.4,26.9,28.6,15.85,555.8,989.1,433.2,0.438,645.8,0.36,0.59,449,0.31,1975,0.1,90466,"--------","-------",975,10163,0,978.9,1134.4,155.5,0.137,548.9,0.39,0.224,705,0.7,11479,0.076,11505,"--------","-------",8863,9064,112.8,0.423944444444444,668.072222222222,0.373888888888889,91.0666666666667
"10","MCAV",4,50,"MF",20230710.01,"10/07/2023",57009,632,26.9,28.7,15.85,601.5,995.4,393.8,0.396,638.1,0.35,0.5,453,0.35,1538,0.15,25187,"--------","-------",894,4509,0,846.9,964.7,117.7,0.122,571.8,0.34,0.221,696,0.702,13034,0.076,13047,"--------","-------",10077,10303,99.2,0.423944444444444,668.072222222222,0.373888888888889,91.0666666666667
"11","MCAV",4,50,"MF",20230710.011,"10/07/2023",57020,520.1,26.9,28.7,15.86,785.9,1238.8,452.9,0.366,667.7,0.32,0.53,469,0.37,2084,0.1,56258,"--------","-------",1133,6616,0,1101.3,1253.4,152.1,0.121,600.2,0.38,0.233,766,0.078,12601,0.689,12666,"--------","-------",9655,9885,103.6,0.423944444444444,668.072222222222,0.373888888888889,91.0666666666667
"12","MCAV",4,50,"MF",20230710.012,"10/07/2023",57033,517.8,26.9,28.7,15.84,574,964.8,390.8,0.405,654.2,0.35,0.54,441,0.34,1762,0.12,27775,"--------","-------",954,4185,0,905.3,1046.4,141.1,0.135,554,0.34,0.243,764,0.075,12580,0.682,12613,"--------","-------",9499,9729,105.3,0.423944444444444,668.072222222222,0.373888888888889,91.0666666666667
"13","MCAV",5,50,"MF",20230710.013,"10/07/2023",57219,381.4,26.3,29.2,15.77,642,1123.5,481.5,0.429,868.7,0.48,0.62,478,0.29,1224,0.09,22090,"--------","-------",716,2736,0,1269.8,1444.7,174.9,0.121,588.8,0.37,0.179,700,0.674,16858,0.147,16903,"--------","-------",13472,13978,74.2,0.423944444444444,668.072222222222,0.373888888888889,91.0666666666667
"14","MCAV",5,50,"MF",20230710.014,"10/07/2023",57233,261.2,26.3,29.2,15.78,643.5,1132.1,488.6,0.432,834.2,0.48,0.65,501,0.25,2035,0.1,43246,"--------","-------",930,5026,0,1267.1,1455.3,188.2,0.129,576.9,0.3,0.177,635,0.678,21061,0.145,21197,"--------","-------",16838,17469,59.4,0.423944444444444,668.072222222222,0.373888888888889,91.0666666666667
"15","MCAV",5,50,"MF",20230710.015,"10/07/2023",57243,495.5,26.2,29.2,15.77,593.4,1003.8,410.4,0.409,804.6,0.47,0.64,472,0.28,1390,0.08,41584,"--------","-------",751,4028,0,1115.2,1274.2,159,0.125,571.1,0.37,0.219,733,0.677,15046,0.104,15088,"--------","-------",11552,11920,86.6,0.423944444444444,668.072222222222,0.373888888888889,91.0666666666667
"16","MCAV",6,50,"MF",20230710.016,"10/07/2023",57303,715.2,25,29.3,15.75,297,541.7,244.6,0.452,532.8,0.34,0.69,478,0.2,3182,0.11,100726,"--------","-------",1079,12215,0,601.6,695.3,93.7,0.135,505.3,0.32,0.244,738,0.707,14771,0.049,15770,"--------","-------",11175,11402,89.5,0.423944444444444,668.072222222222,0.373888888888889,91.0666666666667
"17","MCAV",6,50,"MF",20230710.017,"10/07/2023",57314,789.6,25,29.4,15.74,302.6,553.8,251.2,0.454,553.6,0.36,0.7,476,0.19,2775,0.12,64417,"--------","-------",961,8346,0,605.3,695.6,90.3,0.13,521.7,0.24,0.218,643,0.704,12801,0.078,12809,"--------","-------",9927,10153,100.7,0.423944444444444,668.072222222222,0.373888888888889,91.0666666666667
"18","MCAV",6,50,"MF",20230710.018,"10/07/2023",57326,884.7,25,29.3,15.75,160.4,294.5,134.2,0.456,443,0.19,0.64,405,0.23,2590,0.13,93718,"--------","-------",980,12618,400,325.4,376.7,51.3,0.136,466.7,0.13,0.275,630,0.08,13744,0.645,13779,"--------","-------",9855,10166,101.5,0.423944444444444,668.072222222222,0.373888888888889,91.0666666666667
"19","MCAV",1,40,"MF",20230710.019,"10/07/2023",57404,822.3,22.6,29.6,15.73,348.7,604.5,255.8,0.423,591,0.25,0.53,383,0.29,1257,0.18,26214,"--------","-------",691,5184,0,573.3,649.4,76,0.117,525.1,0.32,0.231,626,0.711,15252,0.058,15511,"--------","-------",11671,11894,85.7,0.387111111111111,610.244444444444,0.325555555555556,117.266666666667
"20","MCAV",1,40,"MF",20230710.02,"10/07/2023",57415,667.2,22.5,29.6,15.72,449.4,759.9,310.6,0.409,648.8,0.33,0.61,442,0.26,1821,0.13,94852,"--------","-------",849,13146,0,726.1,833.8,107.7,0.129,534.6,0.31,0.228,689,0.682,13866,0.09,13873,"--------","-------",10566,10863,94.6,0.387111111111111,610.244444444444,0.325555555555556,117.266666666667
"21","MCAV",1,40,"MF",20230710.021,"10/07/2023",57427,753.7,22.4,29.6,15.72,459,747.7,288.7,0.386,632.5,0.31,0.64,424,0.25,2194,0.11,73205,"--------","-------",918,9211,0,671.8,768.4,96.6,0.126,520.9,0.31,0.262,617,0.673,12386,0.065,12436,"--------","-------",9082,9300,110.1,0.387111111111111,610.244444444444,0.325555555555556,117.266666666667
"22","MCAV",2,40,"MF",20230710.022,"10/07/2023",57492,900,21.3,29.8,15.69,445.4,685.3,239.9,0.35,584,0.35,0.61,401,0.26,1619,0.13,40966,"--------","-------",763,5942,0,597.2,693.8,96.7,0.139,512.7,0.33,0.404,797,0.074,8890,0.522,9361,"--------","-------",5622,5863,177.9,0.387111111111111,610.244444444444,0.325555555555556,117.266666666667
"23","MCAV",2,40,"MF",20230710.023,"10/07/2023",57503,900,21.2,29.7,15.7,444.3,678.4,234.2,0.345,557.3,0.31,0.69,455,0.19,2718,0.12,55666,"--------","-------",954,7424,0,523.8,612.1,88.3,0.144,497.5,0.32,0.399,714,0.563,9163,0.039,59336,"--------","-------",5658,7732,176.7,0.387111111111111,610.244444444444,0.325555555555556,117.266666666667
"24","MCAV",2,40,"MF",20230710.024,"10/07/2023",57516,686.5,21.2,29.8,15.7,463.2,764,300.8,0.394,604.2,0.3,0.65,433,0.24,2300,0.11,144868,"--------","-------",928,16632,0,802.3,920.1,117.8,0.128,544.5,0.35,0.255,623,0.078,12704,0.666,12744,"--------","-------",9385,9645,106.6,0.387111111111111,610.244444444444,0.325555555555556,117.266666666667
"25","MCAV",3,40,"MF",20230710.025,"10/07/2023",57611,590.9,20.9,29.7,15.68,542.1,905.7,363.6,0.401,680.4,0.4,0.66,432,0.25,2176,0.09,57870,"--------","-------",914,6079,0,1072.3,1218.3,146,0.12,600.5,0.39,0.215,667,0.695,13686,0.09,13694,"--------","-------",10612,10889,94.2,0.387111111111111,610.244444444444,0.325555555555556,117.266666666667
"26","MCAV",3,40,"MF",20230710.026,"10/07/2023",57621,669.8,20.9,29.8,15.67,482.3,789.3,307,0.389,626.8,0.33,0.62,437,0.28,2366,0.11,166469,"--------","-------",1033,18473,0,751.6,852.9,101.2,0.119,590.7,0.36,0.221,690,0.077,12736,0.701,12755,"--------","-------",9858,10081,101.4,0.387111111111111,610.244444444444,0.325555555555556,117.266666666667
"27","MCAV",3,40,"MF",20230710.027,"10/07/2023",57631,527.9,20.9,29.8,15.67,415.9,668.3,252.4,0.378,666,0.36,0.7,517,0.19,3184,0.11,308265,"--------","-------",1079,34136,0,695.9,788.9,93,0.118,556.9,0.27,0.219,616,0.121,15483,0.66,15485,"--------","-------",11787,12235,84.8,0.387111111111111,610.244444444444,0.325555555555556,117.266666666667
"28","MCAV",4,40,"MF",20230710.028,"10/07/2023",57715,716.4,20,30.1,15.65,388.8,623.1,234.3,0.376,561.4,0.28,0.64,494,0.27,3859,0.09,330753,"--------","-------",1491,30968,0,607.2,688.9,81.7,0.119,558,0.27,0.239,553,0.671,12727,0.089,12734,"--------","-------",9529,9816,104.9,0.387111111111111,610.244444444444,0.325555555555556,117.266666666667
"29","MCAV",4,40,"MF",20230710.029,"10/07/2023",57727,580.2,20,30,15.65,405.8,685.7,279.9,0.408,632,0.33,0.66,446,0.25,2862,0.09,167326,"--------","-------",1106,16726,0,687.2,781.8,94.5,0.121,555.7,0.31,0.217,581,0.672,14795,0.111,14799,"--------","-------",11320,11706,88.3,0.387111111111111,610.244444444444,0.325555555555556,117.266666666667
"30","MCAV",4,40,"MF",20230710.03,"10/07/2023",57738,791.2,20,30.1,15.65,336.4,541.3,204.9,0.379,532.1,0.23,0.55,369,0.28,1652,0.17,33086,"--------","-------",806,6394,0,479.1,543.9,64.8,0.119,492.4,0.27,0.26,613,0.659,13479,0.082,13517,"--------","-------",9839,10139,101.6,0.387111111111111,610.244444444444,0.325555555555556,117.266666666667
"31","MCAV",5,40,"MF",20230710.031,"10/07/2023",57783,563.8,19.9,30.1,15.63,530.7,918.5,387.8,0.422,685.3,0.39,0.7,477,0.24,3238,0.06,141627,"--------","-------",1180,9838,0,987,1127.2,140.2,0.124,596.5,0.37,0.216,611,0.695,13281,0.089,13306,"--------","-------",10275,10546,97.3,0.387111111111111,610.244444444444,0.325555555555556,117.266666666667
"32","MCAV",5,40,"MF",20230710.032,"10/07/2023",57794,441.5,20,30.1,15.63,468.1,805.1,337,0.419,712.7,0.42,0.7,473,0.22,2651,0.09,126131,"--------","-------",991,11647,0,892.5,1016.1,123.5,0.122,589.7,0.32,0.216,538,0.128,16778,0.656,16789,"--------","-------",12757,13271,78.4,0.387111111111111,610.244444444444,0.325555555555556,117.266666666667
"33","MCAV",5,40,"MF",20230710.033,"10/07/2023",57807,552.6,19.9,30.2,15.64,570.1,936.8,366.7,0.391,679,0.39,0.67,425,0.25,2570,0.07,205362,"--------","-------",1006,16268,0,823,960.7,137.7,0.143,536.5,0.37,0.297,626,0.627,11737,0.076,12066,"--------","-------",8162,8459,122.5,0.387111111111111,610.244444444444,0.325555555555556,117.266666666667
"34","MCAV",6,40,"MF",20230710.055,"10/07/2023",58401,900,21,30.1,15.53,327.3,540.3,213,0.394,490.5,0.25,0.61,380,0.25,1732,0.14,52941,"--------","-------",772,8077,0,579.1,670.7,91.6,0.137,496,0.33,0.322,652,0.605,10763,0.073,11264,"--------","-------",7255,7548,137.8,0.387111111111111,610.244444444444,0.325555555555556,117.266666666667
"35","MCAV",6,40,"MF",20230710.056,"10/07/2023",58412,900,21,30.1,15.53,347.1,520.1,173,0.333,468.7,0.27,0.6,418,0.24,1889,0.16,154775,"--------","-------",843,25053,0,481.7,566.9,85.2,0.15,452.4,0.26,0.451,612,0.465,7935,0.084,51704,"--------","-------",4332,8305,230.8,0.387111111111111,610.244444444444,0.325555555555556,117.266666666667
"36","MCAV",6,40,"MF",20230710.057,"10/07/2023",58423,671.5,21,30.1,15.52,577.7,917.7,340,0.371,631.7,0.36,0.61,419,0.3,2058,0.09,34561,"--------","-------",963,4096,0,968.8,1107.5,138.7,0.125,581.5,0.41,0.275,722,0.654,11811,0.071,11905,"--------","-------",8533,8773,117.2,0.387111111111111,610.244444444444,0.325555555555556,117.266666666667
"37","MCAV",1,20,"MF",20230710.058,"10/07/2023",58835,610.8,12.1,30.5,15.44,576.9,904,327.2,0.362,713.3,0.38,0.65,396,0.27,1879,0.08,47513,"--------","-------",829,4627,0,890.3,1019.3,129,0.127,595.7,0.38,0.293,593,0.649,11068,0.058,11135,"--------","-------",7812,8004,128,0.385190476190476,588.342857142857,0.308571428571429,135.038095238095
"38","MCAV",1,20,"MF",20230710.059,"10/07/2023",58849,631.4,12.1,30.5,15.44,410.4,690.8,280.3,0.406,598.2,0.31,0.64,366,0.26,1993,0.1,67508,"--------","-------",840,7515,0,763.6,883.5,119.9,0.136,562.9,0.33,0.266,644,0.658,12570,0.076,12612,"--------","-------",9138,9401,109.4,0.385190476190476,588.342857142857,0.308571428571429,135.038095238095
"39","MCAV",1,20,"MF",20230710.06,"10/07/2023",58860,900,12.1,30.5,15.44,229.9,325.8,95.9,0.294,405,0.11,0.51,362,0.3,2143,0.19,154779,"--------","-------",1028,30568,200,376.1,440.6,64.5,0.146,436.1,0.22,0.447,590,0.512,9332,0.041,57390,"--------","-------",5255,7412,190.3,0.385190476190476,588.342857142857,0.308571428571429,135.038095238095
"40","MCAV",2,20,"MF",20230710.067,"10/07/2023",59077,877.8,10.8,30.6,15.38,314.3,537.9,223.6,0.416,558.1,0.29,0.69,375,0.21,2643,0.1,81446,"--------","-------",900,9258,0,536.9,617,80.1,0.13,491.4,0.36,0.302,633,0.627,11881,0.071,12445,"--------","-------",8226,8525,121.6,0.385190476190476,588.342857142857,0.308571428571429,135.038095238095
"41","MCAV",2,20,"MF",20230710.068,"10/07/2023",59088,900,10.8,30.6,15.38,145.1,213.8,68.6,0.321,403.6,0.19,0.67,365,0.16,2856,0.17,137688,"--------","-------",846,24340,500,180.9,216.2,35.4,0.163,366.6,0.22,0.424,437,0.262,2576,0.314,14155,"--------","-------",6271,5303,159.5,0.385190476190476,588.342857142857,0.308571428571429,135.038095238095
"42","MCAV",2,20,"MF",20230710.069,"10/07/2023",59103,900,10.8,30.5,15.38,211.6,335.9,124.2,0.37,432.8,0.24,0.59,368,0.28,2456,0.14,952554,"--------","-------",1038,130806,300,275.9,329.2,53.3,0.162,407.5,0.21,0.463,666,0.469,9084,0.068,52607,"--------","-------",4899,8158,204.1,0.385190476190476,588.342857142857,0.308571428571429,135.038095238095
"43","MCAV",3,20,"MF",20230710.079,"10/07/2023",59361,900,12.4,30.6,15.33,324.5,503.5,179,0.355,591.5,0.33,0.68,401,0.22,2918,0.1,279338,"--------","-------",1014,29692,0,505.8,569.3,63.5,0.112,557.4,0.36,0.272,519,0.667,10905,0.061,10959,"--------","-------",7901,8087,126.6,0.385190476190476,588.342857142857,0.308571428571429,135.038095238095
"44","MCAV",3,20,"MF",20230710.08,"10/07/2023",59373,900,12.4,30.5,15.31,282.2,443.2,161,0.363,516.9,0.25,0.66,345,0.2,2427,0.14,92587,"--------","-------",831,13645,0,467.8,540.2,72.5,0.134,498.7,0.27,0.339,570,0.595,10536,0.066,10941,"--------","-------",6916,7181,144.6,0.385190476190476,588.342857142857,0.308571428571429,135.038095238095
"45","MCAV",3,20,"MF",20230710.081,"10/07/2023",59385,900,12.4,30.5,15.33,329.4,501.7,172.4,0.344,482.8,0.28,0.63,348,0.22,2142,0.15,368729,"--------","-------",812,54858,0,426.8,499.5,72.7,0.146,462.2,0.27,0.372,528,0.558,8192,0.069,26928,"--------","-------",5126,6634,195.1,0.385190476190476,588.342857142857,0.308571428571429,135.038095238095
"46","MCAV",4,20,"MF",20230710.082,"10/07/2023",59529,702.2,11.8,30.6,15.3,482,894.5,412.4,0.461,739.5,0.41,0.68,460,0.23,3337,0.09,87368,"--------","-------",1186,8822,0,1006,1119.7,113.7,0.102,685.2,0.38,0.151,480,0.761,14184,0.087,14211,"--------","-------",11915,12116,83.9,0.385190476190476,588.342857142857,0.308571428571429,135.038095238095
"47","MCAV",4,20,"MF",20230710.083,"10/07/2023",59540,578,11.8,30.6,15.29,449.1,831.8,382.7,0.46,786.2,0.44,0.69,441,0.22,3114,0.09,174682,"--------","-------",1079,16779,0,1036.5,1157.4,120.9,0.104,669.1,0.38,0.162,409,0.727,14516,0.111,14539,"--------","-------",11939,12227,83.8,0.385190476190476,588.342857142857,0.308571428571429,135.038095238095
"48","MCAV",4,20,"MF",20230710.084,"10/07/2023",59551,492.3,11.8,30.6,15.28,351.9,636.3,284.4,0.447,724.1,0.45,0.7,453,0.24,3363,0.06,91983,"--------","-------",1194,6441,0,655.7,762,106.2,0.139,577.9,0.4,0.193,601,0.727,12319,0.08,12364,"--------","-------",9866,10066,101.4,0.385190476190476,588.342857142857,0.308571428571429,135.038095238095
"49","MCAV",5,20,"MF",20230710.085,"10/07/2023",59598,833.9,11.3,30.6,15.27,410.3,650.3,239.9,0.369,633.3,0.35,0.67,421,0.26,2758,0.07,673297,"--------","-------",1071,49225,0,672.2,773.1,100.9,0.13,568.2,0.42,0.308,639,0.63,8903,0.061,18450,"--------","-------",6189,6941,161.6,0.385190476190476,588.342857142857,0.308571428571429,135.038095238095
"50","MCAV",5,20,"MF",20230710.086,"10/07/2023",59611,866.2,11.3,30.5,15.28,368.9,641.4,272.5,0.425,664.9,0.35,0.67,431,0.21,2782,0.11,69075,"--------","-------",1000,8639,0,702.3,789.6,87.3,0.111,624.7,0.38,0.196,605,0.077,12057,0.727,12073,"--------","-------",9641,9826,103.7,0.385190476190476,588.342857142857,0.308571428571429,135.038095238095
"51","MCAV",5,20,"MF",20230710.087,"10/07/2023",59625,703,11.2,30.5,15.26,355.9,597.3,241.4,0.404,648,0.37,0.63,391,0.29,1999,0.09,53272,"--------","-------",893,5376,0,595.8,691.5,95.7,0.138,578.9,0.33,0.265,604,0.67,10808,0.065,10948,"--------","-------",7918,8116,126.3,0.385190476190476,588.342857142857,0.308571428571429,135.038095238095
"52","MCAV",6,20,"MF",20230710.088,"10/07/2023",59837,554.7,11.3,30.5,15.22,291.2,494.8,203.6,0.411,707.9,0.36,0.61,350,0.24,1604,0.14,76374,"--------","-------",704,11566,0,449.6,523.9,74.4,0.142,514.1,0.27,0.263,667,0.082,13370,0.656,13372,"--------","-------",9736,10032,102.7,0.385190476190476,588.342857142857,0.308571428571429,135.038095238095
"53","MCAV",6,20,"MF",20230710.089,"10/07/2023",59847,900,11.3,30.5,15.22,242.4,413.8,171.3,0.414,584.8,0.29,0.63,364,0.22,1847,0.15,212945,"--------","-------",744,33050,200,446.4,512.1,65.7,0.128,523.1,0.28,0.274,691,0.661,11045,0.066,11131,"--------","-------",8014,8219,124.8,0.385190476190476,588.342857142857,0.308571428571429,135.038095238095
"54","MCAV",6,20,"MF",20230710.09,"10/07/2023",59860,900,11.3,30.6,15.21,185.3,306.6,121.3,0.396,499.2,0.24,0.65,344,0.19,1858,0.16,245837,"--------","-------",687,40051,300,292.1,346.2,54.1,0.156,417.1,0.12,0.364,633,0.585,10488,0.051,33876,"--------","-------",6707,8083,149.1,0.385190476190476,588.342857142857,0.308571428571429,135.038095238095
"55","MCAV",7,20,"MF",20230710.091,"10/07/2023",60035,900,10.7,30.6,15.18,245.4,391.5,146.1,0.373,688,0.4,0.7,461,0.2,3599,0.09,169402,"--------","-------",1158,17055,200,437.6,498.4,60.8,0.122,592.3,0.33,0.26,735,0.676,11498,0.064,11506,"--------","-------",8512,8704,117.5,0.385190476190476,588.342857142857,0.308571428571429,135.038095238095
"56","MCAV",7,20,"MF",20230710.092,"10/07/2023",60044,900,10.7,30.5,15.18,119.3,180.8,61.6,0.34,408.3,0.18,0.59,298,0.21,1725,0.2,70360,"--------","-------",676,14534,600,160.9,194,33.1,0.17,382.7,0.15,0.403,388,0.25,2594,0.347,12789,"--------","-------",6124,5241,163.3,0.385190476190476,588.342857142857,0.308571428571429,135.038095238095
"57","MCAV",7,20,"MF",20230710.093,"10/07/2023",60055,829.9,10.6,30.6,15.17,221.2,344.5,123.3,0.358,568.8,0.26,0.63,379,0.21,2416,0.17,142662,"--------","-------",883,24840,300,349,404.5,55.6,0.137,534.1,0.26,0.332,639,0.597,10877,0.071,11548,"--------","-------",7219,7525,138.5,0.385190476190476,588.342857142857,0.308571428571429,135.038095238095
"58","MCAV",1,30,"MF",20230710.102,"10/07/2023",63107,630,17.4,30.3,15.13,622.5,1060.1,437.6,0.413,834.5,0.48,0.6,438,0.3,1864,0.09,25956,"--------","-------",914,3237,0,1285.1,1422.5,137.4,0.097,752.3,0.4,0.126,478,0.77,13907,0.104,13913,"--------","-------",12013,12210,83.2,0.3965,754.723333333333,0.392,97.1933333333333
"59","MCAV",1,30,"MF",20230710.103,"10/07/2023",63114,441,17.4,30.3,15.13,597.4,1023.6,426.2,0.416,832.6,0.46,0.65,446,0.27,2215,0.08,38662,"--------","-------",967,3937,0,1233.6,1404.3,170.7,0.122,652.9,0.4,0.17,570,0.719,13312,0.111,13333,"--------","-------",10874,11147,92,0.3965,754.723333333333,0.392,97.1933333333333
"60","MCAV",1,30,"MF",20230710.104,"10/07/2023",63122,308.7,17.4,30.3,15.13,732.8,1252.3,519.5,0.415,872,0.47,0.65,495,0.23,2134,0.12,17642,"--------","-------",921,2926,0,1475.2,1675.1,199.9,0.119,686.3,0.36,0.186,487,0.149,16675,0.665,16686,"--------","-------",13151,13677,76,0.3965,754.723333333333,0.392,97.1933333333333
"61","MCAV",1,30,"MF",20230710.105,"10/07/2023",63130,273.4,17.3,30.3,15.14,709.5,1201.4,491.9,0.409,863.9,0.51,0.63,440,0.28,2001,0.09,22904,"--------","-------",920,2903,0,1408.6,1627.1,218.5,0.134,648.4,0.37,0.203,545,0.659,15971,0.138,15977,"--------","-------",12338,12840,81.1,0.3965,754.723333333333,0.392,97.1933333333333
"62","MCAV",1,30,"MF",20230710.106,"10/07/2023",63139,306.7,17.3,30.3,15.13,729.7,1202,472.4,0.393,876.7,0.51,0.66,505,0.25,2215,0.08,27606,"--------","-------",980,3172,0,1388.7,1597,208.3,0.13,650.8,0.41,0.201,623,0.664,15278,0.135,15286,"--------","-------",11868,12330,84.3,0.3965,754.723333333333,0.392,97.1933333333333
"63","MCAV",2,30,"MF",20230710.117,"10/07/2023",63316,577.3,17,30.3,15.09,505.5,849.4,343.8,0.405,728.2,0.41,0.64,402,0.26,1702,0.11,35339,"--------","-------",776,4408,0,948.3,1085.9,137.6,0.127,593.1,0.36,0.229,582,0.074,12240,0.697,12261,"--------","-------",9374,9587,106.7,0.3965,754.723333333333,0.392,97.1933333333333
"64","MCAV",2,30,"MF",20230710.118,"10/07/2023",63323,404.1,17.1,30.3,15.07,543.3,947.1,403.8,0.426,718.4,0.37,0.66,439,0.23,2314,0.11,69654,"--------","-------",924,8476,0,1146,1314.6,168.6,0.128,615.4,0.31,0.242,501,0.618,16397,0.14,16421,"--------","-------",11922,12553,83.9,0.3965,754.723333333333,0.392,97.1933333333333
"65","MCAV",2,30,"MF",20230710.119,"10/07/2023",63332,555.6,17,30.3,15.07,544.9,893.9,349,0.39,694.4,0.36,0.64,374,0.27,1795,0.1,51717,"--------","-------",792,5712,0,924.6,1073.4,148.8,0.139,565.5,0.39,0.285,653,0.646,11989,0.069,12105,"--------","-------",8522,8769,117.3,0.3965,754.723333333333,0.392,97.1933333333333
"66","MCAV",2,30,"MF",20230710.12,"10/07/2023",63340,390.5,17.1,30.3,15.08,614.6,1041.8,427.2,0.41,746.7,0.39,0.61,409,0.27,1725,0.12,35974,"--------","-------",817,5051,0,1125.2,1292.2,167,0.129,604.9,0.35,0.254,534,0.625,16230,0.121,16245,"--------","-------",11695,12243,85.5,0.3965,754.723333333333,0.392,97.1933333333333
"67","MCAV",2,30,"MF",20230710.121,"10/07/2023",63349,463.7,17.1,30.3,15.07,547.5,918.9,371.4,0.404,695.3,0.41,0.65,425,0.24,2044,0.1,43433,"--------","-------",866,5252,0,971.8,1128.6,156.8,0.139,562.4,0.35,0.271,613,0.636,14523,0.093,14625,"--------","-------",10361,10757,96.5,0.3965,754.723333333333,0.392,97.1933333333333
"68","MCAV",3,30,"MF",20230710.127,"10/07/2023",63444,839,16.8,30.3,15.05,455.7,703.2,247.5,0.352,574.8,0.31,0.62,364,0.26,1951,0.12,87942,"--------","-------",829,11434,0,805.3,913.2,107.9,0.118,589.6,0.34,0.269,605,0.671,11189,0.06,11238,"--------","-------",8158,8343,122.6,0.3965,754.723333333333,0.392,97.1933333333333
"69","MCAV",3,30,"MF",20230710.128,"10/07/2023",63452,631.3,16.9,30.3,15.04,450,741.9,292,0.394,626.5,0.29,0.67,382,0.22,2250,0.11,72348,"--------","-------",851,8760,0,818.6,940.9,122.3,0.13,556.3,0.3,0.244,606,0.675,12902,0.081,12933,"--------","-------",9633,9899,103.8,0.3965,754.723333333333,0.392,97.1933333333333
"70","MCAV",3,30,"MF",20230710.129,"10/07/2023",63461,773.7,16.8,30.3,15.04,407.6,641.4,233.9,0.365,546.5,0.28,0.65,394,0.22,2184,0.13,69526,"--------","-------",847,9738,0,730.6,838,107.3,0.128,529.2,0.36,0.298,679,0.63,12024,0.071,12208,"--------","-------",8380,8653,119.3,0.3965,754.723333333333,0.392,97.1933333333333
"71","MCAV",3,30,"MF",20230710.13,"10/07/2023",63470,484.7,16.8,30.3,15.04,571.8,962.4,390.6,0.406,690.1,0.36,0.69,459,0.22,2888,0.09,70485,"--------","-------",1053,6981,0,1065.5,1228.4,162.9,0.133,597.6,0.32,0.245,540,0.665,13542,0.09,13547,"--------","-------",10041,10357,99.6,0.3965,754.723333333333,0.392,97.1933333333333
"72","MCAV",3,30,"MF",20230710.131,"10/07/2023",63478,633.3,16.8,30.4,15.04,551.3,863.6,312.3,0.362,609.9,0.27,0.58,407,0.3,2145,0.12,69687,"--------","-------",996,9062,0,829.3,957,127.7,0.133,553.4,0.36,0.319,574,0.614,10803,0.067,11129,"--------","-------",7304,7559,136.9,0.3965,754.723333333333,0.392,97.1933333333333
"73","MCAV",4,30,"MF",20230710.132,"10/07/2023",63514,604.6,17.9,30.3,15.03,697.1,1103,406,0.368,764.2,0.43,0.66,439,0.25,2051,0.09,55468,"--------","-------",882,5680,0,1178.7,1347,168.3,0.125,618,0.42,0.25,584,0.686,10970,0.064,10973,"--------","-------",8194,8372,122,0.3965,754.723333333333,0.392,97.1933333333333
"74","MCAV",4,30,"MF",20230710.133,"10/07/2023",63522,442.1,18,30.3,15.03,685.5,1110.2,424.8,0.383,790.1,0.44,0.62,395,0.29,1801,0.09,26352,"--------","-------",838,3106,0,1339.3,1530.3,191,0.125,649.5,0.44,0.231,536,0.094,13054,0.675,13059,"--------","-------",9868,10167,101.3,0.3965,754.723333333333,0.392,97.1933333333333
"75","MCAV",4,30,"MF",20230710.134,"10/07/2023",63531,556.6,18,30.3,15.04,519.9,869.3,349.4,0.402,675.4,0.41,0.69,445,0.22,2657,0.09,61270,"--------","-------",985,6435,0,980.4,1132.9,152.5,0.135,581.3,0.36,0.251,533,0.081,13246,0.668,13248,"--------","-------",9772,10054,102.3,0.3965,754.723333333333,0.392,97.1933333333333
"76","MCAV",4,30,"MF",20230710.135,"10/07/2023",63539,368.2,18,30.3,15.03,819.2,1338.1,518.8,0.388,851.7,0.45,0.62,430,0.27,1620,0.11,18188,"--------","-------",793,2676,0,1449.1,1656.8,207.6,0.125,667.7,0.42,0.219,534,0.653,14487,0.127,14526,"--------","-------",10982,11434,91.1,0.3965,754.723333333333,0.392,97.1933333333333
"77","MCAV",4,30,"MF",20230710.136,"10/07/2023",63547,523.8,17.9,30.3,15.03,590.4,933.6,343.2,0.368,656.4,0.41,0.61,416,0.27,2050,0.12,36303,"--------","-------",913,5264,0,1006.7,1155.7,149,0.129,598.3,0.36,0.249,549,0.66,13637,0.091,13644,"--------","-------",10056,10382,99.4,0.3965,754.723333333333,0.392,97.1933333333333
"78","MCAV",5,30,"MF",20230710.142,"10/07/2023",63635,557.8,17.4,30.3,15.01,640.9,1059.1,418.2,0.395,772.2,0.42,0.68,446,0.24,2317,0.09,46791,"--------","-------",931,4918,0,1320.9,1473.3,152.5,0.103,690.6,0.37,0.181,481,0.691,15277,0.127,15325,"--------","-------",12203,12600,81.9,0.3965,754.723333333333,0.392,97.1933333333333
"79","MCAV",5,30,"MF",20230710.143,"10/07/2023",63643,440.5,17.4,30.4,15.01,556.3,903.3,347,0.384,734.6,0.42,0.68,438,0.22,2142,0.1,47919,"--------","-------",848,5462,0,1004.7,1147.3,142.5,0.124,580.3,0.34,0.254,594,0.625,16517,0.121,16596,"--------","-------",11918,12486,83.9,0.3965,754.723333333333,0.392,97.1933333333333
"80","MCAV",5,30,"MF",20230710.144,"10/07/2023",63652,293,17.4,30.4,15,776.7,1236.4,459.7,0.372,815.7,0.46,0.63,462,0.28,1899,0.09,26997,"--------","-------",909,3231,0,1415,1617.8,202.8,0.125,645.6,0.38,0.228,551,0.635,16325,0.137,16365,"--------","-------",12154,12731,82.3,0.3965,754.723333333333,0.392,97.1933333333333
"81","MCAV",5,30,"MF",20230710.145,"10/07/2023",63660,288.9,17.4,30.3,15,745.1,1188.3,443.2,0.373,846.9,0.44,0.59,430,0.3,1578,0.11,26398,"--------","-------",813,3617,0,1202,1380.5,178.5,0.129,604.8,0.36,0.246,544,0.632,18240,0.122,18294,"--------","-------",13285,13894,75.3,0.3965,754.723333333333,0.392,97.1933333333333
"82","MCAV",5,30,"MF",20230710.146,"10/07/2023",63668,348.7,17.4,30.4,15.01,406.3,1039.3,633,0.609,1143.3,0,0.24,342,0.02,2503,0.74,2504,"--------","-------",1977,1986,0,1108.5,1282.1,173.6,0.135,584.3,0.34,0.267,578,0.611,16454,0.122,16521,"--------","-------",11624,12222,86,0.3965,754.723333333333,0.392,97.1933333333333
"83","MCAV",6,30,"MF",20230710.147,"10/07/2023",63707,557.8,17.5,30.4,14.98,552.1,865.7,313.7,0.362,637.6,0.33,0.61,393,0.27,2095,0.12,71749,"--------","-------",913,9091,0,960.1,1097.9,137.8,0.126,587.5,0.4,0.265,592,0.663,12410,0.072,12459,"--------","-------",9031,9276,110.7,0.3965,754.723333333333,0.392,97.1933333333333
"84","MCAV",6,30,"MF",20230710.148,"10/07/2023",63715,443.8,17.4,30.4,14.99,644.7,1011.2,366.5,0.362,737.8,0.41,0.64,446,0.27,2228,0.09,43921,"--------","-------",969,4919,0,1063.2,1219.1,155.9,0.128,616.6,0.43,0.249,642,0.079,13236,0.671,13272,"--------","-------",9851,10120,101.5,0.3965,754.723333333333,0.392,97.1933333333333
"85","MCAV",6,30,"MF",20230710.149,"10/07/2023",63724,332,17.4,30.4,14.99,732.5,1241.7,509.1,0.41,805.7,0.45,0.62,430,0.29,1772,0.09,34538,"--------","-------",859,3932,0,1390,1600.6,210.6,0.132,629.1,0.4,0.218,553,0.131,14844,0.651,14850,"--------","-------",11265,11733,88.8,0.3965,754.723333333333,0.392,97.1933333333333
"86","MCAV",6,30,"MF",20230710.15,"10/07/2023",63733,340.8,17.4,30.4,14.99,705.9,1162,456.1,0.393,745.7,0.41,0.61,406,0.29,1995,0.1,33964,"--------","-------",924,4090,0,1165.4,1350.1,184.7,0.137,588.7,0.4,0.25,614,0.636,15373,0.114,15647,"--------","-------",11201,11708,89.3,0.3965,754.723333333333,0.392,97.1933333333333
"87","MCAV",6,30,"MF",20230710.151,"10/07/2023",63741,416.1,17.4,30.4,14.98,723.6,1141.8,418.2,0.366,753.9,0.4,0.6,416,0.31,1893,0.1,37358,"--------","-------",916,4395,0,1169.9,1350.3,180.4,0.134,606,0.42,0.256,637,0.672,12162,0.072,12223,"--------","-------",8986,9220,111.3,0.3965,754.723333333333,0.392,97.1933333333333
"88","MCAV",1,10,"MF",20230710.187,"10/07/2023",67797,900,8.3,30.6,14.83,259.5,432.3,172.8,0.4,527.7,0.3,0.73,443,0.15,3646,0.11,168933,"--------","-------",1001,19935,200,488.1,566.9,78.8,0.139,494.5,0.33,0.315,638,0.615,10802,0.07,12577,"--------","-------",7362,7727,135.8,0.3622,533.136666666667,0.280333333333333,162.286666666667
"89","MCAV",1,10,"MF",20230710.188,"10/07/2023",67806,900,8.3,30.6,14.82,308.4,528.3,219.9,0.416,496.1,0.3,0.67,419,0.23,2413,0.11,134915,"--------","-------",923,15320,0,468.5,557.9,89.4,0.16,457.2,0.26,0.378,648,0.589,9600,0.033,264292,"--------","-------",6098,14660,164,0.3622,533.136666666667,0.280333333333333,162.286666666667
"90","MCAV",1,10,"MF",20230710.189,"10/07/2023",67815,739.1,8.4,30.6,14.83,398.3,697.1,298.8,0.429,659.8,0.38,0.73,432,0.17,2648,0.09,82310,"--------","-------",858,8266,0,794,912.2,118.3,0.13,566.5,0.35,0.244,594,0.686,10766,0.07,10775,"--------","-------",8093,8281,123.6,0.3622,533.136666666667,0.280333333333333,162.286666666667
"91","MCAV",1,10,"MF",20230710.19,"10/07/2023",67827,845.2,8.4,30.6,14.84,332.7,573.9,241.2,0.42,599.3,0.35,0.73,401,0.18,2461,0.1,76287,"--------","-------",803,8101,0,603.2,694.4,91.2,0.131,503.5,0.36,0.285,575,0.648,11023,0.067,11650,"--------","-------",7834,8091,127.6,0.3622,533.136666666667,0.280333333333333,162.286666666667
"92","MCAV",1,10,"MF",20230710.191,"10/07/2023",67839,888.7,8.4,30.6,14.82,419,705.5,286.5,0.406,638.3,0.36,0.73,433,0.18,2478,0.09,71350,"--------","-------",836,7480,0,773.5,883,109.5,0.124,573.4,0.36,0.267,607,0.057,10180,0.676,10193,"--------","-------",7480,7634,133.7,0.3622,533.136666666667,0.280333333333333,162.286666666667
"93","MCAV",2,10,"MF",20230710.192,"10/07/2023",67869,744.5,8.5,30.6,14.81,511.2,836.1,324.9,0.389,605.8,0.31,0.59,421,0.32,2579,0.09,62011,"--------","-------",1171,6720,0,766.8,880.4,113.6,0.129,561.6,0.4,0.29,614,0.644,10819,0.067,10904,"--------","-------",7654,7870,130.7,0.3622,533.136666666667,0.280333333333333,162.286666666667
"94","MCAV",2,10,"MF",20230710.193,"10/07/2023",67879,854.2,8.5,30.6,14.82,462.9,747.7,284.8,0.381,605.3,0.33,0.67,483,0.23,2907,0.1,88204,"--------","-------",1098,9982,0,747,856.2,109.2,0.128,571.7,0.4,0.301,571,0.635,9174,0.063,10109,"--------","-------",6406,6640,156.1,0.3622,533.136666666667,0.280333333333333,162.286666666667
"95","MCAV",2,10,"MF",20230710.194,"10/07/2023",67889,762.9,8.5,30.6,14.81,472.3,735.4,263.1,0.358,658.6,0.37,0.67,431,0.23,2561,0.1,65652,"--------","-------",979,7547,0,758.4,861.5,103.1,0.12,593.5,0.41,0.298,647,0.631,10294,0.071,10761,"--------","-------",7202,7456,138.8,0.3622,533.136666666667,0.280333333333333,162.286666666667
"96","MCAV",2,10,"MF",20230710.195,"10/07/2023",67899,683,8.5,30.6,14.8,479.3,808.8,329.6,0.407,661.6,0.4,0.69,413,0.21,2358,0.1,58555,"--------","-------",862,6592,0,894.9,1023.9,129,0.126,577,0.37,0.238,543,0.069,11636,0.693,11640,"--------","-------",8804,8999,113.6,0.3622,533.136666666667,0.280333333333333,162.286666666667
"97","MCAV",2,10,"MF",20230710.196,"10/07/2023",67909,781.3,8.5,30.6,14.8,435.7,743.8,308.1,0.414,571.4,0.32,0.65,444,0.25,2658,0.1,79794,"--------","-------",1056,8695,0,770.4,887.7,117.3,0.132,552.4,0.36,0.279,592,0.654,10948,0.068,11242,"--------","-------",7852,8081,127.4,0.3622,533.136666666667,0.280333333333333,162.286666666667
"98","MCAV",3,10,"MF",20230710.197,"10/07/2023",67951,900,8.6,30.6,14.79,459.9,702.2,242.4,0.345,547.8,0.29,0.62,410,0.27,2588,0.11,119009,"--------","-------",1075,14109,0,687.7,784.8,97.1,0.124,547,0.39,0.343,621,0.584,10068,0.073,10551,"--------","-------",6575,6866,152.1,0.3622,533.136666666667,0.280333333333333,162.286666666667
"99","MCAV",3,10,"MF",20230710.198,"10/07/2023",67960,628,8.5,30.6,14.81,582.8,971.1,388.3,0.4,666.6,0.34,0.67,415,0.24,2160,0.1,56005,"--------","-------",875,6175,0,1021.5,1164.8,143.3,0.123,589.5,0.42,0.253,561,0.075,12703,0.671,12745,"--------","-------",9406,9654,106.3,0.3622,533.136666666667,0.280333333333333,162.286666666667
"100","MCAV",3,10,"MF",20230710.199,"10/07/2023",67969,900,8.5,30.6,14.78,370,541.2,171.2,0.316,564.7,0.27,0.68,436,0.19,2914,0.13,108727,"--------","-------",970,15303,0,583.9,662.6,78.6,0.119,546.3,0.36,0.321,686,0.603,10681,0.077,10985,"--------","-------",7211,7500,138.7,0.3622,533.136666666667,0.280333333333333,162.286666666667
"101","MCAV",3,10,"MF",20230710.2,"10/07/2023",67978,717.1,8.6,30.6,14.79,365.7,588.1,222.4,0.378,577.5,0.31,0.66,432,0.21,2575,0.12,78864,"--------","-------",955,10432,0,722.4,812.3,89.9,0.111,586.3,0.35,0.229,565,0.667,14961,0.104,15031,"--------","-------",11284,11674,88.6,0.3622,533.136666666667,0.280333333333333,162.286666666667
"102","MCAV",3,10,"MF",20230710.201,"10/07/2023",67989,765.5,8.5,30.6,14.78,469.2,747.3,278.1,0.372,595.8,0.28,0.67,449,0.23,2507,0.1,76016,"--------","-------",972,8270,0,779.2,892.1,112.9,0.127,568,0.36,0.314,659,0.618,9909,0.068,10208,"--------","-------",6791,7023,147.3,0.3622,533.136666666667,0.280333333333333,162.286666666667
"103","MCAV",4,10,"MF",20230710.202,"10/07/2023",68047,900,7.6,30.6,14.78,253.1,374.3,121.2,0.324,422,0.18,0.62,438,0.22,2946,0.16,152437,"--------","-------",1091,25018,200,326.6,389.5,63,0.162,423.8,0.27,0.554,655,0.403,8483,0.044,70455,"--------","-------",3951,6850,253.1,0.3622,533.136666666667,0.280333333333333,162.286666666667
"104","MCAV",4,10,"MF",20230710.203,"10/07/2023",68057,900,7.6,30.6,14.78,218.6,316.6,98,0.31,434.2,0.2,0.66,441,0.19,3255,0.15,174430,"--------","-------",1058,27843,300,291.3,341.5,50.1,0.147,433,0.27,0.456,628,0.169,2756,0.375,13419,"--------","-------",6398,5782,156.3,0.3622,533.136666666667,0.280333333333333,162.286666666667
"105","MCAV",4,10,"MF",20230710.204,"10/07/2023",68066,900,7.7,30.7,14.77,357.6,552.1,194.5,0.352,510.2,0.23,0.66,389,0.23,2473,0.11,131202,"--------","-------",926,15511,0,521.3,605.8,84.6,0.14,484.9,0.31,0.389,649,0.551,9251,0.06,23006,"--------","-------",5688,6726,175.8,0.3622,533.136666666667,0.280333333333333,162.286666666667
"106","MCAV",4,10,"MF",20230710.205,"10/07/2023",68076,900,7.7,30.7,14.76,383,592.3,209.3,0.353,540.3,0.26,0.66,467,0.23,2908,0.12,114321,"--------","-------",1093,14232,0,555.5,642.9,87.4,0.136,504.2,0.37,0.406,662,0.556,9752,0.038,32909,"--------","-------",5915,6938,169.1,0.3622,533.136666666667,0.280333333333333,162.286666666667
"107","MCAV",4,10,"MF",20230710.206,"10/07/2023",68085,900,7.8,30.6,14.76,483.7,778.8,295.1,0.379,635.5,0.33,0.71,468,0.2,2862,0.09,87683,"--------","-------",984,8699,0,773.4,881.5,108.2,0.123,550.5,0.4,0.304,675,0.622,10672,0.075,11111,"--------","-------",7393,7670,135.3,0.3622,533.136666666667,0.280333333333333,162.286666666667
"108","MCAV",5,10,"MF",20230710.207,"10/07/2023",68125,900,7.8,30.6,14.76,185.4,236.6,51.2,0.216,422.2,0.21,0.6,413,0.16,3114,0.24,174570,"--------","-------",969,42387,300,219.6,253.4,33.8,0.134,399.5,0.23,0.279,310,0.435,1025,0.286,13026,"--------","-------",5778,4253,173.1,0.3622,533.136666666667,0.280333333333333,162.286666666667
"109","MCAV",5,10,"MF",20230710.208,"10/07/2023",68135,900,7.8,30.6,14.76,241.4,358.3,116.9,0.326,453.8,0.26,0.7,428,0.15,2978,0.15,140754,"--------","-------",868,21890,200,324.3,377.5,53.2,0.141,436.6,0.27,0.405,630,0.518,9824,0.077,36962,"--------","-------",5788,8181,172.8,0.3622,533.136666666667,0.280333333333333,162.286666666667
"110","MCAV",5,10,"MF",20230710.209,"10/07/2023",68146,830,7.8,30.6,14.75,398.5,651.4,252.9,0.388,594.9,0.35,0.69,367,0.2,1889,0.1,74291,"--------","-------",714,8226,0,736.8,840.2,103.4,0.123,556,0.37,0.271,638,0.662,11696,0.067,11727,"--------","-------",8479,8697,117.9,0.3622,533.136666666667,0.280333333333333,162.286666666667
"111","MCAV",5,10,"MF",20230710.21,"10/07/2023",68157,781.8,7.8,30.6,14.75,460,724,264,0.365,635.6,0.36,0.72,421,0.18,2550,0.1,87940,"--------","-------",854,9436,0,771.6,878.6,107,0.122,571.1,0.36,0.294,655,0.632,11612,0.073,11677,"--------","-------",8131,8390,123,0.3622,533.136666666667,0.280333333333333,162.286666666667
"112","MCAV",5,10,"MF",20230710.211,"10/07/2023",68169,900,7.7,30.6,14.75,265.1,404.8,139.6,0.345,419.6,0.22,0.68,398,0.19,2695,0.14,151263,"--------","-------",891,21532,200,390.5,464,73.6,0.159,412.4,0.23,0.473,542,0.45,8150,0.077,39784,"--------","-------",4252,6979,235.2,0.3622,533.136666666667,0.280333333333333,162.286666666667
"113","MCAV",6,10,"MF",20230710.212,"10/07/2023",68207,900,7.4,30.6,14.74,136.9,194.5,57.6,0.296,322.2,0.17,0.67,432,0.15,3883,0.18,209735,"--------","-------",1056,38703,500,167.6,208,40.4,0.194,305.5,0.08,0.591,447,0.29,4801,0.119,29025,"--------","-------",1878,5119,532.4,0.3622,533.136666666667,0.280333333333333,162.286666666667
"114","MCAV",6,10,"MF",20230710.213,"10/07/2023",68216,900,7.4,30.6,14.73,201.1,298.9,97.8,0.327,396.4,0.12,0.63,353,0.22,2374,0.15,150143,"--------","-------",867,23561,300,298.4,349.8,51.4,0.147,413.7,0.19,0.451,628,0.489,10267,0.059,11202,"--------","-------",5641,5971,177.3,0.3622,533.136666666667,0.280333333333333,162.286666666667
"115","MCAV",6,10,"MF",20230710.214,"10/07/2023",68227,900,7.4,30.6,14.74,267.4,442.4,175.1,0.396,486.4,0.24,0.67,503,0.21,3322,0.12,110895,"--------","-------",1163,14410,0,408.7,473.9,65.1,0.137,447.6,0.27,0.306,628,0.627,11983,0.067,12162,"--------","-------",8260,8520,121.1,0.3622,533.136666666667,0.280333333333333,162.286666666667
"116","MCAV",6,10,"MF",20230710.215,"10/07/2023",68236,900,7.5,30.6,14.74,141.8,215.1,73.3,0.341,345.8,0.19,0.64,393,0.19,2558,0.17,153844,"--------","-------",897,26205,500,188.2,232.2,44,0.19,343.8,0.23,0.497,489,0.219,2690,0.285,14051,"--------","-------",5431,4831,184.1,0.3622,533.136666666667,0.280333333333333,162.286666666667
"117","MCAV",6,10,"MF",20230710.216,"10/07/2023",68245,900,7.5,30.6,14.72,189,276.6,87.6,0.317,398.7,0.18,0.65,406,0.18,2872,0.17,175119,"--------","-------",943,30369,300,262.2,311.9,49.6,0.159,384.9,0.14,0.448,646,0.143,3282,0.409,12561,"--------","-------",6336,5901,157.8,0.3622,533.136666666667,0.280333333333333,162.286666666667
